id;nom;prenom;admel;type;login;mot_de_passe;annee_arrivee;num_contrat;agency;num_portable
1;reciprocal withdrawal;synthesize compressing;multi-byte Administrator;PRIVE;array;envisioneer;2021-12-18T16:55:54;engage invoice Grocery;Program Arkansas iterate;online Account global
2;Account superstructure Security;Maine Legacy e-markets;Concrete Cotton Metal;PRIVE;grey;Mill Licensed Music;2021-12-19T04:54:53;Pound;Multi-layered Hryvnia;orange
3;hub encoding Cape;Division Corporate;payment;PRIVE;Agent overriding;payment;2021-12-19T06:54:11;Small;Automotive Fantastic Ball;Pants
4;Market Gorgeous;back-end Cambridgeshire Cotton;wireless COM Licensed;MORAL;Rubber Branding Soap;Shoes;2021-12-18T17:34:05;Hollow matrix;IB array technologies;expedite Bedfordshire Director
5;gold Japan;hacking;Cheese withdrawal Mouse;MORAL;red SAS;Producer;2021-12-18T23:28:20;withdrawal navigate ivory;Money Handmade;Rubber
6;Ruble Maryland;networks cyan;Wall Morocco;PRIVE;Chair vortals SMS;Korean Berkshire compressing;2021-12-19T04:08:41;Buckinghamshire Directives;Passage;Junctions Clothing
7;evolve;eyeballs Supervisor;24/7 GB;MORAL;Divide;Buckinghamshire Account Cambridgeshire;2021-12-19T15:25:24;to;generate Granite Venezuela;Product Beauty Ball
8;e-enable turquoise Maryland;Bacon wireless state;Front-line CSS;MORAL;Avon;Frozen;2021-12-18T23:03:30;Pants Awesome;hierarchy Honduras Practical;vortals Cheese
9;interfaces Cotton;Plaza;Ball;MORAL;National Auto;network program Refined;2021-12-19T12:37:19;Borders;haptic Infrastructure;Producer Implementation Soap
10;Music streamline;Wooden;world-class;MORAL;Canada Saint;Heights Checking Home;2021-12-18T18:02:07;Thailand input Kyat;Checking withdrawal Hawaii;Usability Agent Representative
